label,log_prior
Pizza,-1.0986122886681091
Shawarma,-1.0986122886681091
Sushi,-1.0986122886681091
