Label,count,mean,std,min,25%,50%,75%,max
Pizza,548.0,2.875912408759124,0.792517618182148,1.0,2.0,3.0,3.0,5.0
Shawarma,548.0,3.2262773722627736,0.9405953284587871,1.0,3.0,3.0,4.0,5.0
Sushi,548.0,3.4215328467153285,1.2105764203410905,1.0,2.0,4.0,4.0,5.0
