Label,count,mean,std,min,25%,50%,75%,max
Pizza,548.0,6.298357664233577,2.6249291874832164,3.0,5.0,6.0,7.5,21.0
Shawarma,548.0,7.425182481751825,2.9964733938878148,1.0,5.0,7.0,9.0,25.0
Sushi,548.0,4.958941605839416,2.415415977411151,1.0,4.0,5.0,5.0,23.5
