Label,count,mean,std,min,25%,50%,75%,max
Pizza,548.0,8.734571167883212,6.124730934540719,1.0,4.5,6.0,12.625,35.0
Shawarma,548.0,10.696204379562044,3.179578722140965,2.0,8.5,10.0,12.0,25.0
Sushi,548.0,14.41735401459854,8.798913808580284,0.5,10.0,13.0,18.0,100.0
